Train_No,islno,station_Code,Day_of_Journey,Arrival_time,Departure_time,Distance
12594,1,BPL,1,0:00,22:45,0
12594,2,BHS,1,23:22,23:24,53
12594,3,BINA,2,1:00,1:05,138
12594,4,JHS,2,3:15,3:25,289
12594,5,CNB,2,8:15,8:20,508
12594,6,LJN,2,9:45,0:00,582
10103,1,CSTM,1,0:00,7:10,0
10103,2,DR,1,7:22,7:25,8
10103,3,TNA,1,7:47,7:50,33
10103,4,PNVL,1,8:25,8:30,68
10103,5,MNI,1,10:34,10:35,187
10103,6,KHED,1,11:26,11:27,283
10103,7,CHI,1,11:58,11:59,324
10103,8,SGR,1,12:35,12:36,383
10103,9,RN,1,13:10,13:15,430
10103,10,ADVI,1,13:43,13:44,474
10103,11,RAJP,1,14:17,14:18,519
10103,12,VBW,1,14:39,14:40,542
10103,13,KKW,1,15:19,15:20,586
10103,14,SNDD,1,15:35,15:36,611
10103,15,KUDL,1,15:49,15:50,625
10103,16,SWV,1,16:15,16:16,654
10103,17,PERN,1,16:41,16:42,685
10103,18,THVM,1,16:55,16:56,700
10103,19,KRMI,1,17:19,17:20,724
10103,20,MAO,1,18:45,0:00,764
10104,1,MAO,1,0:00,9:15,0
10104,2,KRMI,1,9:51,9:52,40
10104,3,THVM,1,10:07,10:08,64
10104,4,PERN,1,10:24,10:25,79
10104,5,SWV,1,10:45,10:46,110
10104,6,KUDL,1,11:05,11:06,139
10104,7,SNDD,1,11:16,11:17,153
10104,8,KKW,1,11:34,11:35,178
10104,9,VBW,1,12:07,12:08,221
10104,10,RAJP,1,12:24,12:25,245
10104,11,ADVI,1,12:40,12:41,290
10104,12,RN,1,14:05,14:10,334
10104,13,SGR,1,14:46,14:47,381
10104,14,CHI,1,15:27,15:28,440
10104,15,KHED,1,15:56,15:57,481
10104,16,MNI,1,17:09,17:10,577
10104,17,PNVL,1,19:25,19:30,696
10104,18,TNA,1,20:38,20:40,731
10104,19,DR,1,21:02,21:05,756
10104,20,CSTM,1,21:40,0:00,764
10111,1,CSTM,1,0:00,23:05,0
10111,2,DR,1,23:18,23:20,8
10111,3,TNA,1,23:43,23:45,33
10111,4,PNVL,2,0:25,0:30,68
10111,5,MNI,2,2:38,2:39,187
10111,6,KHED,2,3:38,3:39,283
10111,7,CHI,2,4:04,4:05,324
10111,8,SGR,2,4:50,4:51,383
10111,9,RN,2,5:25,5:30,430
10111,10,VID,2,6:14,6:15,496
10111,11,RAJP,2,6:31,6:32,519
10111,12,VBW,2,6:51,6:52,542
10111,13,KKW,2,7:17,7:18,586
10111,14,SNDD,2,7:37,7:38,611
10111,15,KUDL,2,7:54,7:55,625
10111,16,SWV,2,8:22,8:23,654
10111,17,PERN,2,8:52,8:53,685
10111,18,THVM,2,9:06,9:07,700
10111,19,KRMI,2,9:27,9:28,724
10111,20,MAO,2,10:45,0:00,764
10112,1,MAO,1,0:00,18:00,0
10112,2,KRMI,1,18:31,18:32,40
10112,3,THVM,1,18:54,18:55,64
10112,4,PERN,1,19:10,19:11,79
10112,5,SWV,1,19:36,19:37,110
10112,6,KUDL,1,20:00,20:01,139
10112,7,SNDD,1,20:11,20:12,153
10112,8,KKW,1,20:37,20:38,178
10112,9,VBW,1,20:57,20:58,221
10112,10,RAJP,1,21:16,21:17,245
10112,11,VID,1,21:36,21:37,268
10112,12,RN,1,23:00,23:05,334
10112,13,SGR,1,23:37,23:38,381
10112,14,CHI,2,0:10,0:11,440
10112,15,KHED,2,0:40,0:41,481
10112,16,MNI,2,1:43,1:44,577
10112,17,PNVL,2,4:05,4:10,696
10112,18,TNA,2,4:53,4:55,731
10112,19,DR,2,5:17,5:20,756
10112,20,CSTM,2,5:50,0:00,764
10215,1,MAO,1,0:00,21:30,0
10215,2,KAWR,1,22:22,22:24,81
10215,3,BTJL,1,23:50,23:52,235
10215,4,UD,2,1:10,1:12,349
10215,5,MAJN,2,3:00,3:10,430
10215,6,KGQ,2,3:48,3:50,481
10215,7,CAN,2,5:10,5:15,567
10215,8,CLT,2,6:35,6:40,656
10215,9,TIR,2,7:18,7:20,697
10215,10,SRR,2,8:10,8:20,742
10215,11,TCR,2,9:05,9:08,775
10215,12,AWY,2,9:53,9:55,830
10215,13,ERS,2,10:55,0:00,849
10216,1,ERS,1,0:00,13:50,0
10216,2,AWY,1,14:12,14:14,19
10216,3,TCR,1,14:57,15:00,74
10216,4,SRR,1,15:55,16:00,107
10216,5,TIR,1,16:38,16:40,152
10216,6,CLT,1,17:20,17:25,192
10216,7,CAN,1,18:50,18:55,282
10216,8,KGQ,1,19:58,20:00,367
10216,9,MAJN,1,21:05,21:15,419
10216,10,UD,1,22:34,22:36,500
10216,11,BTJL,1,23:50,23:52,614
10216,12,KAWR,2,1:26,1:28,767
10216,13,MAO,2,3:15,0:00,849
11001,1,SNSI,1,0:00,5:00,0
11001,2,PB,1,5:20,5:35,16
11001,3,BAP,1,5:54,5:55,36
11001,4,ANG,1,6:48,6:50,103
11001,5,DD,1,8:30,8:35,187
11001,6,BGVN,1,8:59,9:00,215
11001,7,PRWD,1,9:19,9:20,236
11001,8,JEUR,1,9:41,9:42,262
11001,9,KEM,1,9:57,9:58,278
11001,10,KWV,1,11:00,11:15,296
11001,11,MLB,1,11:30,11:35,318
11001,12,PVR,1,12:15,0:00,348
11002,1,PVR,1,0:00,13:00,0
11002,2,MLB,1,13:24,13:25,30
11002,3,KWV,1,13:55,14:20,52
11002,4,KEM,1,14:39,14:40,70
11002,5,JEUR,1,14:59,15:00,86
11002,6,PRWD,1,15:24,15:25,112
11002,7,BGVN,1,15:49,15:50,133
11002,8,DD,1,16:05,16:10,161
11002,9,ANG,1,17:30,17:33,245
11002,10,BAP,1,18:39,18:40,312
11002,11,PB,1,19:10,19:25,332
11002,12,SNSI,1,20:30,0:00,348
11003,1,DR,1,0:00,0:05,0
11003,2,TNA,1,0:27,0:30,24
11003,3,PNVL,1,1:15,1:20,59
11003,4,ROHA,1,3:15,3:20,136
11003,5,MNI,1,3:46,3:48,179
11003,6,VEER,1,4:02,4:04,202
11003,7,KHED,1,4:54,4:56,274
11003,8,CHI,1,5:30,5:32,315
11003,9,SVX,1,5:58,6:00,341
11003,10,AVRD,1,6:18,6:20,355
11003,11,SGR,1,6:32,6:34,375
11003,12,RN,1,7:35,7:40,421
11003,13,ADVI,1,8:08,8:10,466
11003,14,VID,1,8:25,8:27,487
11003,15,RAJP,1,8:40,8:42,510
11003,16,VBW,1,9:08,9:10,534
11003,17,NAN,1,9:23,9:25,556
11003,18,KKW,1,9:38,9:40,577
11003,19,SNDD,1,9:58,10:00,602
11003,20,KUDL,1,10:10,10:12,616
11003,21,SWV,1,11:25,0:00,646
11004,1,SWV,1,0:00,18:50,0
11004,2,KUDL,1,19:10,19:12,29
11004,3,SNDD,1,19:24,19:26,43
11004,4,KKW,1,19:42,19:44,68
11004,5,NAN,1,19:56,19:58,90
11004,6,VBW,1,20:14,20:16,111
11004,7,RAJP,1,20:34,20:36,135
11004,8,VID,1,20:54,20:56,158
11004,9,ADVI,1,21:08,21:10,180
11004,10,RN,1,22:25,22:30,224
11004,11,SGR,1,23:18,23:20,271
11004,12,AVRD,1,23:30,23:32,290
11004,13,SVX,1,23:42,23:44,304
11004,14,CHI,1,23:56,23:58,330
11004,15,KHED,2,0:18,0:20,371
11004,16,VEER,2,1:38,1:40,443
11004,17,MNI,2,2:00,2:02,467
11004,18,ROHA,2,3:15,3:20,509
11004,19,PNVL,2,4:45,4:50,586
11004,20,TNA,2,5:43,5:45,621
11004,21,DR,2,6:45,0:00,646
11005,1,DR,1,0:00,21:30,0
11005,2,KYN,1,22:10,22:13,44
11005,3,KJT,1,22:53,22:55,90
11005,4,LNL,1,23:43,23:45,118
11005,5,PUNE,2,1:00,1:10,182
11005,6,STR,2,3:57,4:00,327
11005,7,KRD,2,4:52,4:55,386
11005,8,TKR,2,5:18,5:20,413
11005,9,SLI,2,6:12,6:15,454
11005,10,MRJ,2,6:50,6:55,461
11005,11,KUD,2,7:23,7:25,494
11005,12,GPB,2,8:00,8:02,541
11005,13,BGM,2,9:03,9:05,599
11005,14,LD,2,9:58,10:00,650
11005,15,LWR,2,10:38,10:40,683
11005,16,DWR,2,11:25,11:27,720
11005,17,UBL,2,12:30,12:40,740
11005,18,HVR,2,13:43,13:45,815
11005,19,RNR,2,14:13,14:15,848
11005,20,HRR,2,14:43,14:45,879
11005,21,DVG,2,15:03,15:05,893
11005,22,RRB,2,17:03,17:05,1007
11005,23,DRU,2,17:15,17:17,1013
11005,24,ASK,2,18:05,18:10,1053
11005,25,TTR,2,18:36,18:38,1078
11005,26,TK,2,19:28,19:30,1149
11005,27,YPR,2,21:30,21:50,1215
11005,28,BAND,2,22:14,22:16,1230
11005,29,KJM,2,22:28,22:30,1235
11005,30,BWT,2,23:18,23:20,1291
11005,31,JTJ,3,1:08,1:10,1369
11005,32,KPD,3,2:30,2:50,1453
11005,33,VLR,3,3:03,3:05,1463
11005,34,ARV,3,3:23,3:25,1498
11005,35,PRL,3,3:38,3:40,1514
11005,36,TNM,3,4:28,4:30,1546
11005,37,TRK,3,4:53,4:55,1579
11005,38,VM,3,6:20,6:25,1613
11005,39,PDY,3,7:15,0:00,1651
11006,1,PDY,1,0:00,20:50,0
11006,2,VM,1,21:30,21:35,37
11006,3,TRK,1,21:59,22:00,71
11006,4,TNM,1,22:49,22:50,105
11006,5,PRL,1,23:26,23:27,136
11006,6,ARV,1,23:43,23:44,152
11006,7,VLR,2,0:20,0:22,187
11006,8,KPD,2,1:00,1:20,197
11006,9,JTJ,2,2:43,2:45,281
11006,10,KJM,2,4:43,4:45,415
11006,11,BAND,2,5:13,5:15,420
11006,12,YPR,2,6:00,6:30,435
11006,13,TK,2,7:30,7:32,499
11006,14,TTR,2,8:33,8:35,570
11006,15,ASK,2,9:10,9:15,595
11006,16,DRU,2,9:48,9:50,634
11006,17,RRB,2,10:03,10:05,640
11006,18,DVG,2,11:43,11:45,755
11006,19,HRR,2,12:03,12:05,768
11006,20,RNR,2,12:28,12:30,800
11006,21,HVR,2,13:00,13:02,833
11006,22,UBL,2,15:05,15:15,908
11006,23,DWR,2,15:39,15:40,928
11006,24,LWR,2,16:19,16:20,964
11006,25,LD,2,17:08,17:10,998
11006,26,BGM,2,18:03,18:05,1049
11006,27,GPB,2,18:54,18:55,1107
11006,28,KUD,2,19:39,19:40,1153
11006,29,MRJ,2,20:45,20:50,1186
11006,30,SLI,2,21:02,21:05,1194
11006,31,TKR,2,21:39,21:40,1235
11006,32,KRD,2,22:05,22:08,1262
11006,33,STR,2,23:05,23:08,1320
11006,34,PUNE,3,2:10,2:20,1465
11006,35,LNL,3,3:23,3:25,1529
11006,36,KYN,3,4:47,4:50,1604
11006,37,DR,3,5:45,0:00,1648
11007,1,CSTM,1,0:00,7:00,0
11007,2,DR,1,7:12,7:13,8
11007,3,TNA,1,7:34,7:35,33
11007,4,KYN,1,7:52,7:55,53
11007,5,NRL,1,8:25,8:27,86
11007,6,KJT,1,8:43,8:45,99
11007,7,KAD,1,9:28,9:30,124
11007,8,LNL,1,9:38,9:40,127
11007,9,TGN,1,10:09,10:10,157
11007,10,KK,1,10:45,10:46,185
11007,11,SVJR,1,10:50,10:51,189
11007,12,PUNE,1,11:05,0:00,191
11008,1,PUNE,1,0:00,15:30,0
11008,2,SVJR,1,15:35,15:38,2
11008,3,KK,1,15:42,15:45,6
11008,4,TGN,1,16:08,16:10,34
11008,5,LNL,1,16:38,16:40,63
11008,6,KAD,1,16:43,16:45,67
11008,7,KJT,1,17:28,17:30,91
11008,8,KYN,1,18:20,18:23,138
11008,9,TNA,1,18:43,18:45,158
11008,10,DR,1,19:07,19:10,182
11008,11,CSTM,1,19:35,0:00,191
11009,1,CSTM,1,0:00,14:30,0
11009,2,DR,1,14:41,14:43,8
11009,3,TNA,1,15:03,15:05,33
11009,4,KYN,1,15:27,15:30,53
11009,5,KJT,1,16:08,16:10,99
11009,6,KAD,1,16:53,16:55,124
11009,7,LNL,1,17:03,17:05,127
11009,8,CCH,1,17:45,17:47,175
11009,9,PMP,1,17:50,17:52,177
11009,10,KK,1,18:03,18:05,185
11009,11,SVJR,1,18:13,18:15,189
11009,12,PUNE,1,18:40,0:00,191
11010,1,PUNE,1,0:00,6:05,0
11010,2,SVJR,1,6:10,6:13,2
11010,3,KK,1,6:18,6:20,6
11010,4,PMP,1,6:28,6:31,14
11010,5,CCH,1,6:33,6:35,16
11010,6,LNL,1,7:13,7:15,63
11010,7,KAD,1,7:18,7:20,67
11010,8,KJT,1,7:58,8:00,91
11010,9,KYN,1,8:45,8:47,138
11010,10,DR,1,9:33,9:35,182
11010,11,CSTM,1,9:53,0:00,191
11011,1,LTT,1,0:00,12:05,0
11011,2,TNA,1,12:31,12:33,17
11011,3,KYN,1,12:52,12:55,37
11011,4,LNL,1,14:23,14:25,111
11011,5,PUNE,1,15:30,15:35,175
11011,6,KWV,1,18:15,18:20,359
11011,7,BTW,1,19:05,19:07,397
11011,8,UMD,1,19:46,19:51,433
11011,9,LUR,1,21:00,21:30,513
11011,10,LTRR,1,22:15,22:35,545
11011,11,PNF,1,23:29,23:30,573
11011,12,PRLI,2,0:40,0:50,609
11011,13,GNH,2,1:24,1:25,638
11011,14,PBN,2,2:18,2:20,672
11011,15,PAU,2,3:00,3:05,701
11011,16,NED,2,4:45,0:00,731
11012,1,NED,1,0:00,6:30,0
11012,2,PAU,1,6:55,6:57,30
11012,3,PBN,1,7:50,7:52,58
11012,4,GNH,1,8:24,8:25,93
11012,5,PRLI,1,9:20,9:40,122
11012,6,PNF,1,10:30,10:31,158
11012,7,LTRR,1,11:20,11:40,185
11012,8,LUR,1,12:10,12:20,218
11012,9,UMD,1,13:45,13:48,297
11012,10,BTW,1,14:26,14:28,334
11012,11,KWV,1,15:15,15:25,371
11012,12,PUNE,1,19:50,19:55,555
11012,13,LNL,1,20:53,20:55,619
11012,14,KYN,1,22:27,22:30,694
11012,15,TNA,1,22:54,22:55,714
11012,16,LTT,1,23:45,0:00,731
11013,1,LTT,1,0:00,22:35,0
11013,2,TNA,1,22:53,22:55,17
11013,3,KYN,1,23:15,23:18,37
11013,4,PUNE,2,1:50,1:55,175
11013,5,KWV,2,4:33,4:35,359
11013,6,SUR,2,6:25,6:35,438
11013,7,DUD,2,7:38,7:40,501
11013,8,GUR,2,8:08,8:10,524
11013,9,GR,2,8:45,8:48,551
11013,10,SDB,2,9:13,9:15,577
11013,11,WADI,2,9:55,10:00,588
11013,12,NW,2,10:15,10:16,601
11013,13,YG,2,10:28,10:30,627
11013,14,KSN,2,10:59,11:00,670
11013,15,RC,2,11:28,11:30,695
11013,16,MALM,2,12:08,12:10,723
11013,17,AD,2,12:48,12:50,765
11013,18,GTL,2,13:50,14:00,816
11013,19,GY,2,14:28,14:30,845
11013,20,KLU,2,14:58,15:00,874
11013,21,ATP,2,15:33,15:35,901
11013,22,DMM,2,16:50,16:55,935
11013,23,SSPN,2,17:26,17:28,968
11013,24,HUP,2,18:18,18:20,1026
11013,25,BNCE,2,21:09,21:10,1129
11013,26,SBC,2,21:50,22:10,1136
11013,27,BNC,2,22:18,22:20,1140
11013,28,HSRA,2,23:14,23:15,1196
11013,29,DPJ,3,0:43,0:45,1288
11013,30,OML,3,3:09,3:10,1343
11013,31,SA,3,3:35,3:40,1354
11013,32,ED,3,4:40,4:45,1417
11013,33,TUP,3,5:28,5:30,1467
11013,34,CBE,3,7:00,0:00,1518
11014,1,CBE,1,0:00,8:45,0
11014,2,TUP,1,9:23,9:25,50
11014,3,ED,1,10:20,10:25,100
11014,4,SA,1,11:20,11:25,163
11014,5,OML,1,11:49,11:50,174
11014,6,DPJ,1,12:48,12:50,229
11014,7,HSRA,1,14:13,14:15,321
11014,8,SBC,1,15:45,16:00,381
11014,9,BNC,1,16:10,16:12,386
11014,10,HUP,1,18:08,18:10,491
11014,11,SSPN,1,19:25,19:30,549
11014,12,DMM,1,20:18,20:20,582
11014,13,ATP,1,20:54,20:55,616
11014,14,KLU,1,21:28,21:30,643
11014,15,GY,1,22:09,22:10,672
11014,16,GTL,1,22:40,22:45,701
11014,17,AD,1,23:24,23:25,752
11014,18,MALM,2,0:04,0:05,793
11014,19,RC,2,0:28,0:30,822
11014,20,KSN,2,0:49,0:50,847
11014,21,YG,2,1:44,1:45,890
11014,22,NW,2,2:05,2:06,916
11014,23,WADI,2,3:00,3:05,929
11014,24,SDB,2,3:17,3:18,939
11014,25,GR,2,3:40,3:43,966
11014,26,GUR,2,4:09,4:10,992
11014,27,DUD,2,4:28,4:29,1016
11014,28,SUR,2,5:50,6:00,1079
11014,29,KWV,2,7:08,7:10,1157
11014,30,DD,2,9:25,9:30,1266
11014,31,PUNE,2,10:35,10:45,1341
11014,32,KYN,2,13:12,13:15,1480
11014,33,TNA,2,13:38,13:40,1500
11014,34,LTT,2,14:30,0:00,1517
11015,1,LTT,1,0:00,22:45,0
11015,2,TNA,1,23:02,23:05,17
11015,3,KYN,1,23:25,23:28,37
11015,4,KSRA,2,0:33,0:35,104
11015,5,IGP,2,1:15,1:20,120
11015,6,DVL,2,2:03,2:05,165
11015,7,NK,2,2:10,2:15,171
11015,8,MMR,2,3:10,3:15,244
11015,9,NGN,2,3:33,3:35,269
11015,10,CSN,2,4:00,4:05,311
11015,11,PC,2,4:32,4:35,356
11015,12,JL,2,5:08,5:10,404
11015,13,BSL,2,5:35,5:50,428
11015,14,RV,2,6:20,6:22,462
11015,15,BAU,2,6:38,6:40,482
11015,16,NPNR,2,6:58,7:00,509
11015,17,KNW,2,8:55,9:00,551
11015,18,KKN,2,9:55,9:57,627
11015,19,HD,2,10:22,10:24,659
11015,20,TBN,2,10:38,10:40,673
11015,21,ET,2,11:50,11:55,735
11015,22,HBD,2,12:13,12:15,752
11015,23,MDDP,2,13:07,13:09,804
11015,24,HBJ,2,13:26,13:28,820
11015,25,BPL,2,13:50,13:55,826
11015,26,BHS,2,14:33,14:35,880
11015,27,BAQ,2,15:03,15:05,919
11015,28,BINA,2,16:25,16:30,965
11015,29,LAR,2,17:20,17:22,1027
11015,30,BAB,2,18:16,18:18,1092
11015,31,JHS,2,19:10,19:22,1116
11015,32,CGN,2,19:48,19:50,1148
11015,33,AIT,2,20:28,20:30,1205
11015,34,ORAI,2,20:55,21:00,1230
11015,35,KPI,2,21:31,21:33,1263
11015,36,PHN,2,21:48,21:50,1277
11015,37,BZM,2,23:35,23:37,1322
11015,38,CNB,3,0:10,0:20,1335
11015,39,ON,3,0:42,0:44,1353
11015,40,LKO,3,1:45,1:55,1409
11015,41,BBK,3,2:38,2:40,1437
11015,42,GD,3,4:05,4:10,1526
11015,43,MUR,3,4:38,4:40,1554
11015,44,BV,3,5:06,5:08,1584
11015,45,BST,3,5:40,5:45,1615
11015,46,KLD,3,6:08,6:10,1645
11015,47,GKP,3,7:10,0:00,1679
11016,1,GKP,1,0:00,19:00,0
11016,2,KLD,1,19:38,19:40,34
11016,3,BST,1,20:10,20:15,64
11016,4,BV,1,20:38,20:40,94
11016,5,MUR,1,21:12,21:14,125
11016,6,GD,1,21:45,21:50,153
11016,7,BBK,1,23:28,23:30,242
11016,8,LKO,2,0:25,0:40,270
11016,9,ON,2,1:33,1:35,326
11016,10,CNB,2,2:15,2:25,344
11016,11,BZM,2,2:51,2:53,357
11016,12,PHN,2,3:30,3:32,402
11016,13,KPI,2,3:47,3:49,416
11016,14,ORAI,2,4:19,4:24,449
11016,15,AIT,2,4:42,4:44,474
11016,16,CGN,2,5:38,5:40,531
11016,17,JHS,2,7:05,7:15,563
11016,18,BAB,2,7:40,7:42,587
11016,19,LAR,2,8:26,8:28,652
11016,20,BINA,2,9:45,9:50,714
11016,21,BAQ,2,10:22,10:24,760
11016,22,BHS,2,10:52,10:54,799
11016,23,BPL,2,11:55,12:00,853
11016,24,HBJ,2,12:10,12:12,859
11016,25,MDDP,2,12:27,12:29,875
11016,26,HBD,2,13:17,13:19,927
11016,27,ET,2,13:50,13:55,944
11016,28,TBN,2,14:53,14:55,1005
11016,29,HD,2,15:08,15:10,1020
11016,30,KKN,2,15:32,15:34,1051
11016,31,KNW,2,17:15,17:20,1128
11016,32,NPNR,2,17:53,17:55,1170
11016,33,BAU,2,18:18,18:20,1196
11016,34,RV,2,18:36,18:38,1217
11016,35,BSL,2,19:10,19:20,1251
11016,36,JL,2,19:43,19:45,1275
11016,37,PC,2,20:16,20:18,1323
11016,38,CSN,2,21:08,21:10,1368
11016,39,NGN,2,21:53,21:55,1410
11016,40,MMR,2,22:15,22:20,1435
11016,41,NK,2,23:15,23:20,1508
11016,42,DVL,2,23:28,23:30,1514
11016,43,IGP,3,1:15,1:20,1559
11016,44,KYN,3,3:10,3:15,1642
11016,45,TNA,3,3:33,3:35,1662
11016,46,LTT,3,4:20,0:00,1679
11017,1,LTT,1,0:00,12:05,0
11017,2,TNA,1,12:31,12:33,17
11017,3,KYN,1,12:52,12:55,37
11017,4,LNL,1,14:23,14:25,111
11017,5,PUNE,1,15:30,15:35,175
11017,6,SUR,1,19:35,19:45,438
11017,7,GR,1,21:53,21:55,551
11017,8,WADI,1,22:35,22:40,588
11017,9,YG,1,23:10,23:12,627
11017,10,RC,2,0:08,0:10,695
11017,11,MALM,2,0:38,0:40,723
11017,12,GTL,2,2:05,2:10,816
11017,13,GY,2,2:38,2:40,845
11017,14,TU,2,3:23,3:25,893
11017,15,YA,2,4:18,4:20,962
11017,16,HX,2,4:58,5:00,1001
11017,17,RU,2,8:05,8:15,1126
11017,18,AJJ,2,9:18,9:20,1194
11017,19,MS,2,11:00,11:10,1275
11017,20,TBM,2,11:38,11:40,1300
11017,21,CGL,2,12:08,12:10,1331
11017,22,VM,2,13:50,13:55,1434
11017,23,TDPR,2,14:29,14:30,1476
11017,24,CDM,2,15:21,15:22,1518
11017,25,SY,2,15:40,15:41,1535
11017,26,MV,2,16:08,16:10,1555
11017,27,TVR,2,16:55,17:05,1594
11017,28,NGT,2,17:38,17:40,1617
11017,29,NCR,2,17:53,17:55,1624
11017,30,KIK,2,18:45,0:00,1635
11018,1,KIK,1,0:00,14:00,0
11018,2,NCR,1,14:13,14:15,10
11018,3,NGT,1,14:25,14:30,18
11018,4,TVR,1,15:00,15:10,41
11018,5,MV,1,15:38,15:40,80
11018,6,SY,1,16:00,16:02,100
11018,7,CDM,1,16:28,16:30,116
11018,8,TDPR,1,17:08,17:10,159
11018,9,VM,1,18:50,18:55,201
11018,10,CGL,1,20:38,20:40,304
11018,11,TBM,1,21:08,21:10,335
11018,12,MS,1,22:00,22:15,360
11018,13,AJJ,1,23:43,23:45,440
11018,14,RU,2,1:30,1:35,511
11018,15,HX,2,3:33,3:35,636
11018,16,YA,2,4:08,4:10,675
11018,17,TU,2,5:14,5:15,745
11018,18,GY,2,6:14,6:15,793
11018,19,GTL,2,7:20,7:35,821
11018,20,MALM,2,8:53,8:55,914
11018,21,RC,2,9:28,9:30,942
11018,22,YG,2,10:23,10:25,1011
11018,23,WADI,2,12:10,12:20,1050
11018,24,GR,2,12:54,12:55,1086
11018,25,SUR,2,14:50,15:00,1199
11018,26,PUNE,2,19:50,19:55,1462
11018,27,LNL,2,20:53,20:55,1526
11018,28,KYN,2,22:27,22:30,1600
11018,29,TNA,2,22:54,22:55,1621
11018,30,LTT,2,23:45,0:00,1638
11019,1,CSTM,1,0:00,15:10,0
11019,2,DR,1,15:23,15:25,8
11019,3,KYN,1,16:05,16:08,53
11019,4,KJT,1,16:48,16:50,99
11019,5,LNL,1,17:39,17:40,127
11019,6,PUNE,1,19:00,19:05,191
11019,7,DD,1,20:35,20:40,266
11019,8,SUR,2,0:15,0:25,454
11019,9,GR,2,2:30,2:33,567
11019,10,WADI,2,3:45,3:50,604
11019,11,SEM,2,4:24,4:25,641
11019,12,TDU,2,4:49,4:50,674
11019,13,VKB,2,5:51,5:52,715
11019,14,BMT,2,7:00,7:02,783
11019,15,SC,2,7:45,8:00,789
11019,16,KZJ,2,10:10,10:20,929
11019,17,WL,2,10:28,10:30,949
11019,18,MABD,2,11:27,11:28,1009
11019,19,KMT,2,11:55,11:57,1056
11019,20,MDR,2,12:21,12:22,1101
11019,21,BZA,2,14:00,14:20,1150
11019,22,EE,2,15:08,15:09,1209
11019,23,TDD,2,15:39,15:40,1257
11019,24,NDD,2,15:59,16:00,1277
11019,25,RJY,2,16:39,16:41,1299
11019,26,SLO,2,17:19,17:20,1349
11019,27,TUNI,2,17:58,17:59,1403
11019,28,AKP,2,19:28,19:30,1467
11019,29,VSKP,2,21:00,21:20,1500
11019,30,VZM,2,22:15,22:20,1561
11019,31,CHE,2,23:15,23:17,1630
11019,32,PSA,3,0:20,0:22,1703
11019,33,SPT,3,0:45,0:47,1735
11019,34,IPM,3,1:01,1:03,1753
11019,35,BAM,3,1:25,1:35,1777
11019,36,CAP,3,1:51,1:53,1798
11019,37,BALU,3,2:36,2:38,1853
11019,38,KUR,3,3:50,3:55,1924
11019,39,BBS,3,4:25,0:00,1943
11020,1,BBS,1,0:00,15:25,0
11020,2,KUR,1,15:50,15:55,18
11020,3,BALU,1,16:45,16:47,89
11020,4,CAP,1,17:23,17:25,144
11020,5,BAM,1,17:45,17:55,165
11020,6,IPM,1,18:18,18:20,189
11020,7,SPT,1,18:35,18:37,207
11020,8,PSA,1,19:18,19:20,239
11020,9,CHE,1,20:13,20:15,312
11020,10,VZM,1,21:10,21:15,381
11020,11,VSKP,1,22:25,22:45,442
11020,12,AKP,1,23:32,23:33,476
11020,13,TUNI,2,0:16,0:17,539
11020,14,SLO,2,0:39,0:40,593
11020,15,RJY,2,1:48,1:50,643
11020,16,NDD,2,2:14,2:15,665
11020,17,TDD,2,2:32,2:33,685
11020,18,EE,2,3:06,3:07,733
11020,19,BZA,2,5:00,5:20,792
11020,20,MDR,2,6:02,6:03,841
11020,21,KMT,2,6:33,6:35,886
11020,22,MABD,2,7:20,7:21,933
11020,23,WL,2,8:08,8:10,994
11020,24,KZJ,2,8:38,8:40,1013
11020,25,SC,2,11:35,11:45,1153
11020,26,BMT,2,11:55,11:57,1160
11020,27,TDU,2,13:39,13:40,1268
11020,28,SEM,2,14:05,14:06,1301
11020,29,WADI,2,16:05,16:10,1339
11020,30,GR,2,16:42,16:45,1375
11020,31,SUR,2,18:45,18:55,1488
11020,32,DD,2,22:20,22:30,1676
11020,33,PUNE,2,23:45,23:50,1751
11020,34,LNL,3,0:53,0:55,1815
11020,35,KJT,3,1:43,1:45,1843
11020,36,KYN,3,2:37,2:40,1889
11020,37,TNA,3,2:58,3:00,1910
11020,38,DR,3,3:22,3:25,1934
11020,39,CSTM,3,3:55,0:00,1943
11021,1,DR,1,0:00,21:30,0
11021,2,KYN,1,22:10,22:13,44
11021,3,KJT,1,22:53,22:55,90
11021,4,LNL,1,23:44,23:45,118
11021,5,PUNE,2,1:00,1:10,182
11021,6,STR,2,3:57,4:00,327
11021,7,KRD,2,4:52,4:55,386
11021,8,TKR,2,5:19,5:20,413
11021,9,SLI,2,6:12,6:15,454
11021,10,MRJ,2,6:50,6:55,461
11021,11,GPB,2,8:00,8:02,541
11021,12,BGM,2,9:04,9:05,599
11021,13,LD,2,9:58,10:00,650
11021,14,LWR,2,10:38,10:40,683
11021,15,DWR,2,11:25,11:27,720
11021,16,UBL,2,12:39,12:40,740
11021,17,HVR,2,13:43,13:45,815
11021,18,RNR,2,14:13,14:15,848
11021,19,HRR,2,14:43,14:45,879
11021,20,DVG,2,15:03,15:05,893
11021,21,RRB,2,17:03,17:05,1007
11021,22,DRU,2,17:15,17:17,1013
11021,23,ASK,2,18:05,18:10,1053
11021,24,TTR,2,18:36,18:38,1078
11021,25,TK,2,19:28,19:30,1149
11021,26,YPR,2,21:30,21:50,1215
11021,27,BAND,2,22:15,22:16,1230
11021,28,HSRA,2,22:53,22:55,1283
11021,29,DPJ,3,0:28,0:30,1375
11021,30,SA,3,2:55,3:00,1441
11021,31,ED,3,4:15,4:25,1504
11021,32,KRR,3,5:27,5:30,1569
11021,33,DG,3,7:04,7:05,1643
11021,34,MDU,3,8:00,8:05,1709
11021,35,VPT,3,8:59,9:00,1752
11021,36,SRT,3,9:24,9:25,1779
11021,37,CVP,3,9:49,9:50,1800
11021,38,MEJ,3,10:34,10:35,1837
11021,39,TEN,3,11:45,0:00,1865
11022,1,TEN,1,0:00,14:45,0
11022,2,MEJ,1,15:10,15:11,28
11022,3,CVP,1,15:44,15:45,65
11022,4,SRT,1,16:04,16:05,86
11022,5,VPT,1,16:24,16:25,113
11022,6,MDU,1,17:25,17:30,156
11022,7,DG,1,18:45,18:50,222
11022,8,KRR,1,20:06,20:10,296
11022,9,ED,1,21:25,21:35,361
11022,10,SA,1,22:30,22:35,424
11022,11,HSRA,2,2:08,2:10,582
11022,12,BAND,2,3:18,3:20,635
11022,13,YPR,2,4:15,6:30,650
11022,14,TK,2,7:30,7:32,714
11022,15,TTR,2,8:33,8:35,784
11022,16,ASK,2,9:10,9:15,810
11022,17,DRU,2,9:48,9:50,849
11022,18,RRB,2,10:03,10:05,855
11022,19,DVG,2,11:43,11:45,970
11022,20,HRR,2,12:03,12:05,983
11022,21,RNR,2,12:28,12:30,1015
11022,22,HVR,2,13:00,13:02,1047
11022,23,UBL,2,15:10,15:20,1122
11022,24,DWR,2,15:39,15:40,1142
11022,25,LWR,2,16:19,16:20,1179
11022,26,LD,2,17:08,17:10,1213
11022,27,BGM,2,18:03,18:05,1264
11022,28,GPB,2,18:54,18:55,1322
11022,29,KUD,2,19:39,19:40,1368
11022,30,MRJ,2,20:45,20:50,1401
11022,31,SLI,2,21:02,21:05,1408
11022,32,TKR,2,21:39,21:40,1450
11022,33,KRD,2,22:05,22:08,1476
11022,34,STR,2,23:05,23:08,1535
11022,35,PUNE,3,2:10,2:20,1680
11022,36,LNL,3,3:24,3:25,1744
11022,37,KYN,3,4:47,4:50,1818
11022,38,DR,3,5:45,0:00,1863
11023,1,CSTM,1,0:00,17:50,0
11023,2,DR,1,18:02,18:04,8
11023,3,KYN,1,18:47,18:50,53
11023,4,KJT,1,19:28,19:30,99
11023,5,KAD,1,20:03,20:05,124
11023,6,LNL,1,20:19,20:20,127
11023,7,TGN,1,20:51,20:52,157
11023,8,DEHR,1,21:04,21:05,167
11023,9,PMP,1,21:17,21:18,177
11023,10,KK,1,21:27,21:28,185
11023,11,SVJR,1,21:34,21:35,189
11023,12,PUNE,1,21:55,22:05,191
11023,13,JJR,1,23:08,23:10,249
11023,14,NIRA,1,23:53,23:55,276
11023,15,LNN,2,0:03,0:05,283
11023,16,WTR,2,0:58,1:00,310
11023,17,STR,2,1:37,1:40,336
11023,18,KRG,2,1:53,1:55,347
11023,19,KRD,2,2:52,2:55,395
11023,20,KOV,2,3:34,3:35,430
11023,21,BVQ,2,3:46,3:48,443
11023,22,SLI,2,4:07,4:10,463
11023,23,MRJ,2,4:40,4:43,470
11023,24,JSP,2,4:56,4:57,482
11023,25,HTK,2,5:14,5:15,497
11023,26,RKD,2,5:24,5:25,504
11023,27,VV,2,5:34,5:35,511
11023,28,KOP,2,6:05,0:00,517
11024,1,KOP,1,0:00,22:50,0
11024,2,VV,1,22:59,23:00,6
11024,3,RKD,1,23:09,23:10,13
11024,4,HTK,1,23:17,23:20,20
11024,5,JSP,1,23:34,23:35,35
11024,6,MRJ,2,0:02,0:05,47
11024,7,SLI,2,0:15,0:18,54
11024,8,BVQ,2,0:39,0:40,73
11024,9,KOV,2,0:54,0:55,87
11024,10,KRD,2,1:22,1:25,122
11024,11,KRG,2,2:07,2:08,170
11024,12,STR,2,2:23,2:26,180
11024,13,WTR,2,2:54,2:55,206
11024,14,LNN,2,3:39,3:40,233
11024,15,NIRA,2,3:58,4:00,241
11024,16,JJR,2,4:44,4:45,268
11024,17,GPR,2,6:14,6:15,323
11024,18,PUNE,2,6:50,7:00,326
11024,19,SVJR,2,7:09,7:10,328
11024,20,KK,2,7:29,7:30,332
11024,21,PMP,2,7:39,7:40,340
11024,22,DEHR,2,7:54,7:55,350
11024,23,TGN,2,8:14,8:15,360
11024,24,LNL,2,8:54,8:55,389
11024,25,KAD,2,8:59,9:00,393
11024,26,KJT,2,9:48,9:50,418
11024,27,NRL,2,9:59,10:00,431
11024,28,KYN,2,10:32,10:35,464
11024,29,TNA,2,10:58,11:00,484
11024,30,DR,2,11:27,11:30,508
11024,31,CSTM,2,11:50,0:00,517
11025,1,BSL,1,0:00,0:25,0
11025,2,JL,1,0:51,0:53,24
11025,3,PC,1,1:24,1:26,71
11025,4,KJ,1,1:44,1:45,97
11025,5,CSN,1,1:58,2:00,116
11025,6,MMR,1,4:10,4:15,183
11025,7,LS,1,4:34,4:35,208
11025,8,NK,1,5:05,5:10,257
11025,9,DVL,1,5:18,5:20,262
11025,10,IGP,1,6:15,6:20,307
11025,11,KYN,1,8:02,8:05,390
11025,12,PNVL,1,9:00,9:05,428
11025,13,CKHS,1,9:15,9:16,432
11025,14,MHPE,1,9:26,9:27,439
11025,15,CHOK,1,9:37,9:38,447
11025,16,KJT,1,9:55,10:00,458
11025,17,LNL,1,10:44,10:45,486
11025,18,CCH,1,11:29,11:30,534
11025,19,PUNE,1,12:05,0:00,550
11026,1,PUNE,1,0:00,11:45,0
11026,2,CCH,1,12:03,12:04,16
11026,3,LNL,1,12:44,12:45,63
11026,4,KJT,1,13:33,13:35,91
11026,5,CHOK,1,13:50,13:52,102
11026,6,MHPE,1,14:01,14:02,110
11026,7,CKHS,1,14:09,14:10,116
11026,8,PNVL,1,14:15,14:20,120
11026,9,KYN,1,15:17,15:20,153
11026,10,IGP,1,17:15,17:20,236
11026,11,DVL,1,17:53,17:55,281
11026,12,NK,1,18:05,18:10,287
11026,13,LS,1,18:44,18:45,335
11026,14,MMR,1,19:05,19:10,360
11026,15,CSN,1,19:53,19:55,427
11026,16,KJ,1,20:04,20:05,446
11026,17,PC,1,20:28,20:30,472
11026,18,JL,1,21:03,21:05,519
11026,19,BSL,1,21:50,0:00,544
11027,1,CSTM,1,0:00,23:45,0
11027,2,DR,1,23:53,23:55,8
11027,3,KYN,2,0:37,0:40,53
11027,4,KJT,2,1:23,1:25,99
11027,5,LNL,2,2:09,2:10,127
11027,6,KK,2,2:58,3:00,185
11027,7,PUNE,2,3:25,3:35,191
11027,8,DD,2,5:00,5:10,266
11027,9,BGVN,2,5:33,5:35,294
11027,10,JEUR,2,6:28,6:30,341
11027,11,KEM,2,6:48,6:50,357
11027,12,KWV,2,8:00,8:02,375
11027,13,MA,2,8:18,8:20,391
11027,14,MO,2,8:43,8:45,421
11027,15,SUR,2,9:30,9:40,454
11027,16,HG,2,9:58,10:00,469
11027,17,AKOR,2,10:21,10:22,489
11027,18,DUD,2,10:48,10:50,517
11027,19,GUR,2,11:13,11:15,540
11027,20,GR,2,11:46,11:48,567
11027,21,SDB,2,12:13,12:15,593
11027,22,WADI,2,12:50,12:55,604
11027,23,NW,2,13:04,13:05,617
11027,24,YG,2,13:23,13:25,642
11027,25,SADP,2,13:43,13:45,666
11027,26,KSN,2,14:04,14:05,686
11027,27,RC,2,14:33,14:35,711
11027,28,MTU,2,14:49,14:50,728
11027,29,MALM,2,15:18,15:20,739
11027,30,KO,2,15:34,15:35,752
11027,31,KGL,2,15:49,15:50,766
11027,32,AD,2,16:38,16:40,780
11027,33,NRR,2,16:49,16:50,790
11027,34,GTL,2,17:50,18:00,832
11027,35,GY,2,18:28,18:30,860
11027,36,RLO,2,18:49,18:50,884
11027,37,TU,2,19:18,19:20,909
11027,38,KDP,2,19:58,20:00,937
11027,39,MOO,2,20:18,20:20,962
11027,40,YA,2,20:38,20:40,978
11027,41,KKM,2,20:58,21:00,993
11027,42,HX,2,21:33,21:35,1017
11027,43,NRE,2,22:23,22:25,1057
11027,44,RJP,2,22:43,22:45,1068
11027,45,KOU,2,23:13,23:15,1101
11027,46,RU,3,0:55,1:00,1142
11027,47,PUT,3,1:23,1:25,1165
11027,48,TRT,3,1:58,2:00,1197
11027,49,AJJ,3,2:20,2:25,1210
11027,50,TRL,3,2:48,2:50,1237
11027,51,PER,3,3:18,3:20,1279
11027,52,MAS,3,4:25,0:00,1285
11028,1,MAS,1,0:00,22:50,0
11028,2,TRL,1,23:28,23:30,47
11028,3,AJJ,2,0:00,0:05,74
11028,4,TRT,2,0:23,0:25,87
11028,5,PUT,2,0:53,0:55,119
11028,6,RU,2,2:00,2:05,145
11028,7,KOU,2,2:44,2:45,186
11028,8,RJP,2,3:14,3:15,219
11028,9,NRE,2,3:29,3:30,231
11028,10,HX,2,4:23,4:25,270
11028,11,KKM,2,4:44,4:45,294
11028,12,YA,2,5:04,5:05,309
11028,13,MOO,2,5:19,5:20,325
11028,14,KDP,2,6:04,6:05,351
11028,15,TU,2,6:31,6:32,379
11028,16,RLO,2,6:54,6:55,403
11028,17,GY,2,7:59,8:00,427
11028,18,GTL,2,8:30,8:50,455
11028,19,NRR,2,9:24,9:25,497
11028,20,AD,2,9:34,9:35,507
11028,21,KGL,2,9:49,9:50,521
11028,22,KO,2,9:59,10:00,535
11028,23,MALM,2,10:33,10:35,548
11028,24,MTU,2,10:44,10:45,559
11028,25,RC,2,11:03,11:05,576
11028,26,KSN,2,11:29,11:30,601
11028,27,SADP,2,11:49,11:50,622
11028,28,YG,2,12:23,12:25,645
11028,29,NW,2,12:44,12:45,670
11028,30,WADI,2,14:55,15:00,684
11028,31,SDB,2,15:12,15:13,694
11028,32,GR,2,15:42,15:45,720
11028,33,GUR,2,16:11,16:12,747
11028,34,DUD,2,16:39,16:40,770
11028,35,AKOR,2,17:14,17:15,798
11028,36,HG,2,17:35,17:37,818
11028,37,SUR,2,18:10,18:20,833
11028,38,MO,2,18:49,18:50,866
11028,39,MA,2,19:15,19:16,896
11028,40,KWV,2,19:35,19:37,912
11028,41,KEM,2,19:55,19:56,930
11028,42,JEUR,2,20:14,20:15,946
11028,43,BGVN,2,21:04,21:05,993
11028,44,DD,2,21:50,21:55,1021
11028,45,PUNE,2,23:25,23:40,1096
11028,46,KK,2,23:49,23:50,1102
11028,47,LNL,3,0:42,0:45,1160
11028,48,KJT,3,1:33,1:35,1188
11028,49,KYN,3,2:27,2:30,1234
11028,50,TNA,3,2:42,2:45,1255
11028,51,DR,3,3:12,3:15,1279
11028,52,CSTM,3,3:45,0:00,1288
11029,1,CSTM,1,0:00,8:40,0
11029,2,DR,1,8:52,8:53,8
11029,3,TNA,1,9:19,9:20,33
11029,4,KYN,1,9:32,9:35,53
11029,5,NRL,1,10:04,10:05,86
11029,6,KJT,1,10:15,10:20,99
11029,7,KAD,1,10:59,11:00,124
11029,8,LNL,1,11:08,11:10,127
11029,9,TGN,1,11:39,11:40,157
11029,10,CCH,1,11:59,12:00,175
11029,11,KK,1,12:11,12:12,185
11029,12,SVJR,1,12:19,12:20,189
11029,13,PUNE,1,12:40,12:45,191
11029,14,GPR,1,12:51,12:52,193
11029,15,JJR,1,13:49,13:50,249
11029,16,NIRA,1,14:20,14:22,276
11029,17,LNN,1,14:31,14:32,283
11029,18,WTR,1,15:11,15:12,310
11029,19,STR,1,15:57,16:00,336
11029,20,KRG,1,16:13,16:14,347
11029,21,RMP,1,16:25,16:26,357
11029,22,TAZ,1,16:39,16:40,368
11029,23,MSR,1,16:53,16:54,381
11029,24,SIW,1,17:02,17:03,386
11029,25,KRD,1,17:20,17:23,395
11029,26,TKR,1,17:52,17:54,421
11029,27,KOV,1,18:09,18:10,430
11029,28,BVQ,1,18:24,18:25,443
11029,29,SLI,1,18:42,18:45,463
11029,30,MRJ,1,19:05,19:10,470
11029,31,JSP,1,19:22,19:23,482
11029,32,HTK,1,19:41,19:42,497
11029,33,RKD,1,19:51,19:52,504
11029,34,VV,1,19:59,20:00,511
11029,35,KOP,1,20:25,0:00,517
11030,1,KOP,1,0:00,7:55,0
11030,2,GRMT,1,7:59,8:00,3
11030,3,VV,1,8:06,8:07,6
11030,4,RKD,1,8:16,8:17,13
11030,5,HTK,1,8:26,8:27,20
11030,6,NMGT,1,8:35,8:36,26
11030,7,JSP,1,8:44,8:45,35
11030,8,MRJ,1,9:07,9:10,47
11030,9,VRB,1,9:17,9:18,52
11030,10,SLI,1,9:25,9:28,54
11030,11,BVQ,1,9:47,9:48,73
11030,12,KOV,1,10:04,10:05,87
11030,13,TKR,1,10:15,10:16,95
11030,14,KRD,1,10:42,10:45,122
11030,15,MSR,1,11:02,11:03,136
11030,16,TAZ,1,11:14,11:15,148
11030,17,RMP,1,11:29,11:30,159
11030,18,KRG,1,11:42,11:43,170
11030,19,STR,1,12:00,12:03,180
11030,20,WTR,1,12:34,12:35,206
11030,21,LNN,1,13:09,13:10,233
11030,22,NIRA,1,13:25,13:30,241
11030,23,JJR,1,14:07,14:08,268
11030,24,GPR,1,15:09,15:10,323
11030,25,PUNE,1,15:40,15:45,326
11030,26,SVJR,1,15:52,15:53,328
11030,27,CCH,1,16:14,16:15,342
11030,28,TGN,1,16:42,16:43,360
11030,29,LNL,1,17:14,17:15,389
11030,30,KAD,1,17:19,17:20,393
11030,31,KJT,1,18:04,18:05,418
11030,32,KYN,1,18:48,18:50,464
11030,33,TNA,1,19:07,19:10,484
11030,34,DR,1,19:37,19:40,508
11030,35,CSTM,1,20:05,0:00,517
11031,1,SUR,1,0:00,10:05,0
11031,2,HG,1,10:28,10:30,15
11031,3,IDR,1,11:04,11:05,58
11031,4,NBL,1,11:16,11:17,72
11031,5,BJP,1,12:20,0:00,108
11032,1,BJP,1,0:00,14:50,0
11032,2,NBL,1,15:25,15:26,36
11032,3,IDR,1,15:44,15:45,50
11032,4,HG,1,17:23,17:25,93
11032,5,SUR,1,17:40,0:00,108
11033,1,PUNE,1,0:00,16:15,0
11033,2,DD,1,17:30,17:45,74
11033,3,ANG,1,19:02,19:05,158
11033,4,BAP,1,20:09,20:10,225
11033,5,KPG,1,20:44,20:45,269
11033,6,MMR,1,21:50,21:55,311
11033,7,BSL,2,0:15,0:25,495
11033,8,KNW,2,2:30,2:35,619
11033,9,ET,2,5:10,5:20,802
11033,10,PPI,2,6:13,6:15,869
